{
  "accuracy": 0.844,
  "sensitivity": 0.9412,
  "specificity": 0.7557,
  "auc_roc": 0.8824,
  "confusion_matrix": {
    "true_negative": 198,
    "false_positive": 64,
    "false_negative": 14,
    "true_positive": 224
  },
  "classification_report": {
    "fractured": {
      "precision": 0.7777777777777778,
      "recall": 0.9411764705882353,
      "f1-score": 0.8517110266159695,
      "support": 238.0
    },
    "non fractured": {
      "precision": 0.9339622641509434,
      "recall": 0.7557251908396947,
      "f1-score": 0.8354430379746836,
      "support": 262.0
    },
    "accuracy": 0.844,
    "macro avg": {
      "precision": 0.8558700209643606,
      "recall": 0.848450830713965,
      "f1-score": 0.8435770322953265,
      "support": 500.0
    },
    "weighted avg": {
      "precision": 0.8596184486373165,
      "recall": 0.844,
      "f1-score": 0.8431866005679357,
      "support": 500.0
    }
  }
}